,empty-1/base,,,,,,empty-1/mod-encoding,,,,,,empty-1/max-1000-step-1000-size-50-deg-10,,,,,,empty-1/max-1500-step-1500-size-50-deg-10,,,,,,empty-1/max-500-step-500-size-50-deg-10,,,,,,empty-1/max-1000-step-1000-size-50-deg-10-lbd-3,,,,,,empty-1/max-1000-step-1000-size-50-deg-10-lbd-5,,,,,,min,,,,,,median,,,,,,max,,,,,
,time,ctime,choices,conflicts,mem,ngadded,time,ctime,choices,conflicts,mem,ngadded,time,ctime,choices,conflicts,mem,ngadded,time,ctime,choices,conflicts,mem,ngadded,time,ctime,choices,conflicts,mem,ngadded,time,ctime,choices,conflicts,mem,ngadded,time,ctime,choices,conflicts,mem,ngadded,time,ctime,choices,conflicts,mem,ngadded,time,ctime,choices,conflicts,mem,ngadded,time,ctime,choices,conflicts,mem,ngadded
blocks-strips-typed/instances/instance-22.lp,1.1,0.883,1755,901,40,0,3.67,3.166,4504,2454,81,0,4.43,3.678,4456,2805,97,659,4.18,3.556,4468,2801,88,502,3.68,3.203,4510,2840,81,302,3.58,3.124,3791,2240,81,203,3.86,3.302,3731,2427,81,359,#REF!,#REF!,#REF!,#REF!,#REF!,#REF!,#REF!,#REF!,#REF!,#REF!,#REF!,#REF!,#REF!,#REF!,#REF!,#REF!,#REF!,#REF!
blocks-strips-typed/instances/instance-24.lp,1.18,0.936,687,286,41,0,3.05,2.664,2052,1001,74,0,2.93,2.592,1251,506,75,118,2.95,2.605,1251,506,71,118,2.76,2.455,1251,506,71,118,2.86,2.551,1293,535,70,82,2.92,2.6,1251,506,75,114,#REF!,#REF!,#REF!,#REF!,#REF!,#REF!,#REF!,#REF!,#REF!,#REF!,#REF!,#REF!,#REF!,#REF!,#REF!,#REF!,#REF!,#REF!
blocks-strips-typed/instances/instance-25.lp,1.48,1.193,1699,806,52,0,3.83,3.369,2720,1226,92,0,4.15,3.691,2886,1720,95,299,4.54,4.055,2886,1720,96,299,4.09,3.566,2575,1413,94,222,4.08,3.595,2538,1367,92,193,4.03,3.518,2223,1183,94,290,#REF!,#REF!,#REF!,#REF!,#REF!,#REF!,#REF!,#REF!,#REF!,#REF!,#REF!,#REF!,#REF!,#REF!,#REF!,#REF!,#REF!,#REF!
blocks-strips-typed/instances/instance-26.lp,1.38,1.091,860,379,51,0,3.64,3.223,1946,846,88,0,3.82,3.384,1477,791,93,205,3.67,3.25,1477,791,92,205,3.73,3.306,1419,735,92,190,3.65,3.221,1356,764,88,174,3.7,3.273,1432,788,92,198,#REF!,#REF!,#REF!,#REF!,#REF!,#REF!,#REF!,#REF!,#REF!,#REF!,#REF!,#REF!,#REF!,#REF!,#REF!,#REF!,#REF!,#REF!
blocks-strips-typed/instances/instance-27.lp,1.96,1.525,1083,270,67,0,5.49,4.895,12134,2031,117,0,5.64,5.038,7263,1763,124,340,5.8,5.185,7263,1763,121,323,5.03,4.53,7262,1750,119,189,5.15,4.605,6392,1719,116,163,5.63,5.084,7276,1754,120,240,#REF!,#REF!,#REF!,#REF!,#REF!,#REF!,#REF!,#REF!,#REF!,#REF!,#REF!,#REF!,#REF!,#REF!,#REF!,#REF!,#REF!,#REF!
blocks-strips-typed/instances/instance-28.lp,2.13,1.662,2662,463,66,0,5.52,4.953,9990,1466,115,0,5.25,4.658,7239,1267,118,256,5.54,4.919,7239,1267,117,256,4.96,4.449,5001,1124,116,178,5.13,4.603,4670,1162,114,183,5.39,4.813,9689,1345,116,229,#REF!,#REF!,#REF!,#REF!,#REF!,#REF!,#REF!,#REF!,#REF!,#REF!,#REF!,#REF!,#REF!,#REF!,#REF!,#REF!,#REF!,#REF!
blocks-strips-typed/instances/instance-29.lp,2.43,1.938,2543,1320,72,0,4.92,4.474,13982,636,118,0,5.03,4.606,3083,699,118,76,4.85,4.446,3083,699,118,76,4.93,4.528,3083,699,117,76,4.85,4.442,2318,546,117,63,4.93,4.501,2522,612,116,64,#REF!,#REF!,#REF!,#REF!,#REF!,#REF!,#REF!,#REF!,#REF!,#REF!,#REF!,#REF!,#REF!,#REF!,#REF!,#REF!,#REF!,#REF!
blocks-strips-typed/instances/instance-30.lp,2.42,1.951,2367,1300,71,0,6.02,5.433,21409,2245,126,0,5.45,4.894,7961,1228,123,209,5.52,4.962,7961,1228,123,209,5.84,5.208,7514,1377,123,187,5.44,4.907,7043,1202,120,129,5.52,4.949,5447,1177,121,226,#REF!,#REF!,#REF!,#REF!,#REF!,#REF!,#REF!,#REF!,#REF!,#REF!,#REF!,#REF!,#REF!,#REF!,#REF!,#REF!,#REF!,#REF!
blocks-strips-typed/instances/instance-31.lp,2.66,1.972,415,210,91,0,5.79,5.364,22457,498,144,0,5.62,5.184,3181,181,145,44,5.85,5.426,3181,181,145,44,6.07,5.554,3181,181,145,44,5.63,5.207,3034,152,141,32,5.64,5.218,3055,154,144,39,#REF!,#REF!,#REF!,#REF!,#REF!,#REF!,#REF!,#REF!,#REF!,#REF!,#REF!,#REF!,#REF!,#REF!,#REF!,#REF!,#REF!,#REF!
blocks-strips-typed/instances/instance-32.lp,3.55,2.674,4802,603,101,0,10.97,9.894,22999,4590,200,0,11.85,10.726,39772,4520,216,690,10.06,9.114,39843,4546,203,443,9.85,8.97,40180,4562,196,256,10.14,9.359,54516,6020,204,142,10.16,9.339,50516,5149,208,260,#REF!,#REF!,#REF!,#REF!,#REF!,#REF!,#REF!,#REF!,#REF!,#REF!,#REF!,#REF!,#REF!,#REF!,#REF!,#REF!,#REF!,#REF!
blocks-strips-typed/instances/instance-33.lp,5.17,4.129,33385,2617,124,0,12.81,11.632,73289,5549,218,0,16.32,15.102,39038,5110,256,704,12.87,11.922,39084,5211,242,398,11.7,10.914,35613,4746,239,226,11.58,10.7,58813,5586,238,176,11.55,10.676,43516,4164,242,295,#REF!,#REF!,#REF!,#REF!,#REF!,#REF!,#REF!,#REF!,#REF!,#REF!,#REF!,#REF!,#REF!,#REF!,#REF!,#REF!,#REF!,#REF!
blocks-strips-typed/instances/instance-34.lp,4.69,3.665,17569,2104,117,0,17.94,16.737,83821,7327,262,0,15.82,14.387,24839,5290,270,972,12.72,11.742,26122,5541,245,488,11.98,11.184,25543,5314,238,225,12.46,11.548,42571,5699,229,180,13.63,12.641,50832,6544,271,321,#REF!,#REF!,#REF!,#REF!,#REF!,#REF!,#REF!,#REF!,#REF!,#REF!,#REF!,#REF!,#REF!,#REF!,#REF!,#REF!,#REF!,#REF!
blocks-strips-typed/instances/instance-35.lp,5.47,4.312,5667,2314,129,0,12.12,10.981,62601,3840,219,0,10.88,9.887,16802,2030,223,360,10.93,9.939,16802,2030,215,360,10.28,9.431,24550,2126,210,232,10.12,9.267,23224,1900,209,136,10.21,9.34,13965,1698,206,234,#REF!,#REF!,#REF!,#REF!,#REF!,#REF!,#REF!,#REF!,#REF!,#REF!,#REF!,#REF!,#REF!,#REF!,#REF!,#REF!,#REF!,#REF!
blocks-strips-typed/instances/instance-36.lp,6.85,5.376,40736,2995,140,0,12.91,11.981,66947,3636,236,0,11.8,10.759,27821,2151,233,334,12,10.937,27821,2151,234,334,11.78,10.848,29432,2349,230,198,10.49,9.622,11687,1083,219,90,11.49,10.509,39586,2434,226,192,#REF!,#REF!,#REF!,#REF!,#REF!,#REF!,#REF!,#REF!,#REF!,#REF!,#REF!,#REF!,#REF!,#REF!,#REF!,#REF!,#REF!,#REF!
blocks-strips-typed/instances/instance-37.lp,9.97,8.075,112302,6061,176,0,14.63,13.497,94953,3515,283,0,13.63,12.502,22316,2067,286,270,13.98,12.85,22316,2067,286,270,12.69,11.674,16574,1707,276,173,13.59,12.553,38407,2272,275,168,13.83,12.739,41307,2763,279,230,#REF!,#REF!,#REF!,#REF!,#REF!,#REF!,#REF!,#REF!,#REF!,#REF!,#REF!,#REF!,#REF!,#REF!,#REF!,#REF!,#REF!,#REF!
blocks-strips-typed/instances/instance-38.lp,8.7,6.585,60144,2662,177,0,19.25,17.72,78147,5171,331,0,28.39,26.638,113443,7533,405,796,20.86,19.595,112834,7504,378,320,20.57,19.477,112829,7505,372,188,18.55,17.404,87942,7220,334,136,19.21,18.02,104478,8053,334,257,#REF!,#REF!,#REF!,#REF!,#REF!,#REF!,#REF!,#REF!,#REF!,#REF!,#REF!,#REF!,#REF!,#REF!,#REF!,#REF!,#REF!,#REF!
blocks-strips-typed/instances/instance-39.lp,8.19,5.998,5826,1122,194,0,30,28.396,138946,7887,422,0,26.62,24.905,63504,5877,431,730,20.5,19.158,64199,5879,417,357,19.9,18.663,65438,6076,407,197,19.13,17.886,48353,5060,390,180,19.45,18.148,69121,5605,387,256,#REF!,#REF!,#REF!,#REF!,#REF!,#REF!,#REF!,#REF!,#REF!,#REF!,#REF!,#REF!,#REF!,#REF!,#REF!,#REF!,#REF!,#REF!
blocks-strips-typed/instances/instance-40.lp,7.92,5.816,22346,1150,190,0,14.02,12.909,31180,906,314,0,14.12,13.019,12395,651,315,144,13.78,12.709,12395,651,314,144,13.88,12.809,12395,651,315,144,13.85,12.749,7743,774,312,135,13.72,12.659,9042,676,314,130,#REF!,#REF!,#REF!,#REF!,#REF!,#REF!,#REF!,#REF!,#REF!,#REF!,#REF!,#REF!,#REF!,#REF!,#REF!,#REF!,#REF!,#REF!
blocks-strips-typed/instances/instance-41.lp,10.23,7.598,6992,3361,213,0,24.53,23.115,107642,6286,401,0,19.06,17.503,14717,3048,368,493,19.59,18.012,14717,3048,364,493,20.63,19.151,30336,5629,390,376,17.78,16.498,27031,2755,358,139,19.01,17.585,13892,2658,358,297,#REF!,#REF!,#REF!,#REF!,#REF!,#REF!,#REF!,#REF!,#REF!,#REF!,#REF!,#REF!,#REF!,#REF!,#REF!,#REF!,#REF!,#REF!
blocks-strips-typed/instances/instance-42.lp,11.69,8.536,94997,2132,236,0,28.52,26.454,173122,7131,449,0,34.02,31.668,117004,8654,511,917,26.53,24.804,117961,8678,485,413,26.25,24.46,117831,8636,467,302,28.13,26.482,106976,9124,443,198,26.12,24.454,90570,6643,485,293,#REF!,#REF!,#REF!,#REF!,#REF!,#REF!,#REF!,#REF!,#REF!,#REF!,#REF!,#REF!,#REF!,#REF!,#REF!,#REF!,#REF!,#REF!
depots-strips-automatic/instances/instance-10.lp,2.32,1.895,2028,1148,85,0,9.02,8.716,1908,533,201,0,8.92,8.518,1908,533,202,0,8.97,8.667,1908,533,201,0,8.69,8.413,1908,533,201,0,8.94,8.635,1908,533,199,0,9.52,9.225,1908,533,200,0,#REF!,#REF!,#REF!,#REF!,#REF!,#REF!,#REF!,#REF!,#REF!,#REF!,#REF!,#REF!,#REF!,#REF!,#REF!,#REF!,#REF!,#REF!
depots-strips-automatic/instances/instance-11.lp,900,900,1161928,881294,352,0,780.43,779.096,2035746,1088880,766,0,52.82,51.105,177765,37222,724,594,168.18,166.853,600237,242954,726,393,133.3,132.063,1355475,189261,730,125,154.2,152.822,526716,218376,716,133,340.71,339.497,1035663,497469,743,221,#REF!,#REF!,#REF!,#REF!,#REF!,#REF!,#REF!,#REF!,#REF!,#REF!,#REF!,#REF!,#REF!,#REF!,#REF!,#REF!,#REF!,#REF!
depots-strips-automatic/instances/instance-12.lp,900,900,3074769,656989,977,0,900,900,16488430,800314,2253,0,900,900,16680765,820532,2265,0,900,900,16298902,798330,2262,0,900,900,16315831,800303,2265,0,900,900,14642336,810571,2247,0,900,900,16087789,814570,2243,0,#REF!,#REF!,#REF!,#REF!,#REF!,#REF!,#REF!,#REF!,#REF!,#REF!,#REF!,#REF!,#REF!,#REF!,#REF!,#REF!,#REF!,#REF!
depots-strips-automatic/instances/instance-13.lp,2.79,2.244,359,104,103,0,12.45,12.073,570,77,265,0,12.88,12.516,570,77,263,0,12,11.64,570,77,259,0,12.02,11.653,570,77,264,0,11.79,11.422,570,77,260,0,11.99,11.62,570,77,260,0,#REF!,#REF!,#REF!,#REF!,#REF!,#REF!,#REF!,#REF!,#REF!,#REF!,#REF!,#REF!,#REF!,#REF!,#REF!,#REF!,#REF!,#REF!
depots-strips-automatic/instances/instance-14.lp,10.53,8.323,4455,2292,331,0,41.52,40.277,566,80,848,0,41.17,39.862,4502,490,847,8,41.53,40.245,4502,490,845,8,41.15,40.035,4502,490,849,8,42.14,40.817,5906,1151,846,7,41.31,39.987,4502,490,847,8,#REF!,#REF!,#REF!,#REF!,#REF!,#REF!,#REF!,#REF!,#REF!,#REF!,#REF!,#REF!,#REF!,#REF!,#REF!,#REF!,#REF!,#REF!
depots-strips-automatic/instances/instance-15.lp,900,900,584526,417968,1186,0,900,900,6296674,629847,2589,0,900,900,7176539,594237,2590,0,900,900,7282912,607852,2588,0,900,900,7157386,592858,2588,0,900,900,7779820,594898,2600,0,900,900,7243718,605234,2620,0,#REF!,#REF!,#REF!,#REF!,#REF!,#REF!,#REF!,#REF!,#REF!,#REF!,#REF!,#REF!,#REF!,#REF!,#REF!,#REF!,#REF!,#REF!
depots-strips-automatic/instances/instance-16.lp,4.23,3.346,466,100,173,0,22.74,22.119,490,123,461,0,22.49,21.895,490,123,461,0,22.44,21.829,490,123,461,0,22,21.386,490,123,460,0,22.1,21.468,490,123,463,0,22.63,22.033,490,123,462,0,#REF!,#REF!,#REF!,#REF!,#REF!,#REF!,#REF!,#REF!,#REF!,#REF!,#REF!,#REF!,#REF!,#REF!,#REF!,#REF!,#REF!,#REF!
depots-strips-automatic/instances/instance-17.lp,13.94,11.156,274,32,526,0,72.26,70.313,5277,1112,1417,0,72.8,70.838,5277,1112,1418,0,70.84,69.192,5277,1112,1417,0,72.74,70.984,5277,1112,1417,0,72.35,70.393,5277,1112,1417,0,72.06,70.091,5277,1112,1418,0,#REF!,#REF!,#REF!,#REF!,#REF!,#REF!,#REF!,#REF!,#REF!,#REF!,#REF!,#REF!,#REF!,#REF!,#REF!,#REF!,#REF!,#REF!
depots-strips-automatic/instances/instance-18.lp,55.19,40.411,13500,4691,1805,0,235.79,229.391,117898,8862,4276,0,228,221.545,245999,6028,4279,11,219.96,213.411,245999,6028,4273,11,222.66,215.587,245999,6028,4281,11,221.5,214.775,244165,8248,4274,5,219.82,213.492,197614,5606,4277,9,#REF!,#REF!,#REF!,#REF!,#REF!,#REF!,#REF!,#REF!,#REF!,#REF!,#REF!,#REF!,#REF!,#REF!,#REF!,#REF!,#REF!,#REF!
depots-strips-automatic/instances/instance-19.lp,9.4,7.305,1192,273,350,0,45.96,44.786,912,149,913,0,46.03,44.845,912,149,914,0,44.97,43.755,912,149,915,0,45.65,44.514,912,149,914,0,45.24,44.101,912,149,914,0,45.58,44.389,912,149,918,0,#REF!,#REF!,#REF!,#REF!,#REF!,#REF!,#REF!,#REF!,#REF!,#REF!,#REF!,#REF!,#REF!,#REF!,#REF!,#REF!,#REF!,#REF!
depots-strips-automatic/instances/instance-20.lp,900,900,851426,650043,1848,0,333.35,326.626,2641011,114223,4418,0,583,577.099,7017421,384660,4481,5,592.56,587.019,7017421,384660,4484,5,582.89,577.272,7017421,384660,4489,5,580.52,573.35,7017421,384660,4484,5,594.56,588.636,7017421,384660,4488,5,#REF!,#REF!,#REF!,#REF!,#REF!,#REF!,#REF!,#REF!,#REF!,#REF!,#REF!,#REF!,#REF!,#REF!,#REF!,#REF!,#REF!,#REF!
depots-strips-automatic/instances/instance-3.lp,0.85,0.702,798,457,34,0,2.67,2.479,1569,506,73,0,2.66,2.486,2631,967,74,20,2.93,2.743,2631,967,73,20,2.68,2.512,2631,967,73,20,2.72,2.534,2080,766,73,14,2.74,2.576,2631,967,73,20,#REF!,#REF!,#REF!,#REF!,#REF!,#REF!,#REF!,#REF!,#REF!,#REF!,#REF!,#REF!,#REF!,#REF!,#REF!,#REF!,#REF!,#REF!
depots-strips-automatic/instances/instance-4.lp,1.29,0.999,535,184,56,0,5.45,5.197,7324,2770,124,0,4.94,4.687,1924,539,125,6,5.07,4.813,1924,539,124,6,4.86,4.626,1924,539,124,6,5.37,5.113,3441,1057,124,4,5.02,4.761,1924,539,124,6,#REF!,#REF!,#REF!,#REF!,#REF!,#REF!,#REF!,#REF!,#REF!,#REF!,#REF!,#REF!,#REF!,#REF!,#REF!,#REF!,#REF!,#REF!
depots-strips-automatic/instances/instance-5.lp,5.58,4.891,17810,10274,105,0,11.88,11.459,25350,8471,221,0,23.79,23.361,75886,33808,239,17,23.75,23.31,75886,33808,239,17,23.49,23.087,75886,33808,239,17,10.9,10.457,18934,5916,219,14,10.93,10.543,18934,5916,220,14,#REF!,#REF!,#REF!,#REF!,#REF!,#REF!,#REF!,#REF!,#REF!,#REF!,#REF!,#REF!,#REF!,#REF!,#REF!,#REF!,#REF!,#REF!
depots-strips-automatic/instances/instance-6.lp,87.1,84.326,162018,107795,345,0,479.35,477.783,1650307,673547,772,0,307.03,305.318,1143643,381477,767,535,315.78,314.215,928156,387401,766,399,393.04,391.521,1235158,517458,761,158,900,900,8887114,1106578,872,0,628.83,627.418,2183165,951455,761,221,#REF!,#REF!,#REF!,#REF!,#REF!,#REF!,#REF!,#REF!,#REF!,#REF!,#REF!,#REF!,#REF!,#REF!,#REF!,#REF!,#REF!,#REF!
depots-strips-automatic/instances/instance-7.lp,0.9,0.646,265,96,37,0,3.25,3.087,332,66,87,0,3.18,3.002,332,66,87,0,3.16,2.988,332,66,87,0,3.21,3.052,332,66,85,0,3.13,2.954,332,66,83,0,3.23,3.076,332,66,83,0,#REF!,#REF!,#REF!,#REF!,#REF!,#REF!,#REF!,#REF!,#REF!,#REF!,#REF!,#REF!,#REF!,#REF!,#REF!,#REF!,#REF!,#REF!
depots-strips-automatic/instances/instance-8.lp,3.49,2.855,4822,2589,112,0,13.42,12.991,15325,6025,254,0,13.38,12.948,13130,5111,258,40,13,12.583,13130,5111,255,40,12.82,12.383,13130,5111,258,40,12.11,11.688,8758,3189,253,34,12.89,12.488,13130,5111,257,40,#REF!,#REF!,#REF!,#REF!,#REF!,#REF!,#REF!,#REF!,#REF!,#REF!,#REF!,#REF!,#REF!,#REF!,#REF!,#REF!,#REF!,#REF!
depots-strips-automatic/instances/instance-9.lp,900,900,1072900,768359,421,0,900,900,3157055,1246231,854,0,900,900,3159950,1199029,879,0,900,900,2791160,1107243,856,0,567.3,565.858,1927377,738243,834,231,900,900,3041528,1214164,834,0,555.16,553.534,1857371,701507,815,339,#REF!,#REF!,#REF!,#REF!,#REF!,#REF!,#REF!,#REF!,#REF!,#REF!,#REF!,#REF!,#REF!,#REF!,#REF!,#REF!,#REF!,#REF!
driverlog-strips-automatic/instances/instance-11.lp,0.63,0.491,445,212,34,0,3.21,2.942,299,142,73,0,3.05,2.824,299,142,72,0,2.99,2.825,299,142,75,0,2.98,2.829,299,142,77,0,3.03,2.872,299,142,71,0,2.97,2.819,299,142,76,0,#REF!,#REF!,#REF!,#REF!,#REF!,#REF!,#REF!,#REF!,#REF!,#REF!,#REF!,#REF!,#REF!,#REF!,#REF!,#REF!,#REF!,#REF!
driverlog-strips-automatic/instances/instance-12.lp,3.73,3.276,16803,10962,79,0,10.08,9.358,21652,8646,184,0,10.22,9.276,14458,6836,207,699,9.88,9.032,14235,6748,196,487,9.56,9.082,15959,7478,183,217,9.92,9.355,20545,8650,182,163,9.84,9.248,17930,7975,189,312,#REF!,#REF!,#REF!,#REF!,#REF!,#REF!,#REF!,#REF!,#REF!,#REF!,#REF!,#REF!,#REF!,#REF!,#REF!,#REF!,#REF!,#REF!
driverlog-strips-automatic/instances/instance-13.lp,2.38,1.788,1510,614,89,0,10.87,10.398,3366,1171,224,0,10.75,10.183,2355,778,224,111,11.42,10.923,2355,778,225,111,10.62,10.142,2355,778,225,111,10.58,10.129,3120,1068,224,49,11,10.507,3680,1189,224,101,#REF!,#REF!,#REF!,#REF!,#REF!,#REF!,#REF!,#REF!,#REF!,#REF!,#REF!,#REF!,#REF!,#REF!,#REF!,#REF!,#REF!,#REF!
driverlog-strips-automatic/instances/instance-14.lp,2.38,1.815,1638,873,89,0,10.82,10.271,4611,1364,228,0,11.1,10.51,1421,542,229,223,10.76,10.174,1421,542,226,223,11.62,11.013,1421,542,233,223,11.06,10.512,4747,1369,226,117,10.73,10.163,1416,542,231,205,#REF!,#REF!,#REF!,#REF!,#REF!,#REF!,#REF!,#REF!,#REF!,#REF!,#REF!,#REF!,#REF!,#REF!,#REF!,#REF!,#REF!,#REF!
driverlog-strips-automatic/instances/instance-15.lp,8.57,6.53,5437,2747,286,0,41.62,40.25,19017,4749,768,0,41.09,39.685,8307,2031,772,328,40.18,38.54,8307,2031,771,328,40.54,39.186,5794,1488,769,250,41,39.582,13776,3706,768,179,40.75,39.298,8385,2289,769,290,#REF!,#REF!,#REF!,#REF!,#REF!,#REF!,#REF!,#REF!,#REF!,#REF!,#REF!,#REF!,#REF!,#REF!,#REF!,#REF!,#REF!,#REF!
driverlog-strips-automatic/instances/instance-17.lp,132.35,120.343,203546,141056,1087,0,231.98,226.992,2040013,119497,2928,0,188.8,183.599,870363,45483,2934,464,189.31,183.781,870363,45483,2934,464,194.52,188.773,1050884,55375,2929,214,198.52,193.338,1138091,65388,2929,245,196,190.703,1079894,60141,2932,388,#REF!,#REF!,#REF!,#REF!,#REF!,#REF!,#REF!,#REF!,#REF!,#REF!,#REF!,#REF!,#REF!,#REF!,#REF!,#REF!,#REF!,#REF!
driverlog-strips-automatic/instances/instance-18.lp,900,900,845811,698070,2041,0,900,900,8338956,584948,5545,0,900,900,7874210,612774,5549,0,900,900,7825940,608516,5554,0,900,900,8319910,607043,5548,0,900,900,8412518,609978,5550,0,900,900,8390336,616246,5547,0,#REF!,#REF!,#REF!,#REF!,#REF!,#REF!,#REF!,#REF!,#REF!,#REF!,#REF!,#REF!,#REF!,#REF!,#REF!,#REF!,#REF!,#REF!
driverlog-strips-automatic/instances/instance-7.lp,0.24,0.171,79,26,16,0,0.94,0.813,71,18,32,0,0.94,0.821,72,18,32,7,0.87,0.746,72,18,32,7,0.96,0.825,72,18,32,7,0.97,0.838,72,18,32,6,0.92,0.781,72,18,31,7,#REF!,#REF!,#REF!,#REF!,#REF!,#REF!,#REF!,#REF!,#REF!,#REF!,#REF!,#REF!,#REF!,#REF!,#REF!,#REF!,#REF!,#REF!
driverlog-strips-automatic/instances/instance-9.lp,0.36,0.271,339,173,21,0,1.42,1.278,229,50,41,0,1.37,1.254,229,50,42,0,1.43,1.302,229,50,42,0,1.36,1.242,229,50,43,0,1.4,1.272,229,50,41,0,1.4,1.264,229,50,41,0,#REF!,#REF!,#REF!,#REF!,#REF!,#REF!,#REF!,#REF!,#REF!,#REF!,#REF!,#REF!,#REF!,#REF!,#REF!,#REF!,#REF!,#REF!
elevator-strips-simple-typed/instances/instance-38.lp,2.73,2.482,21122,16565,34,0,4.26,3.285,6614,5067,68,0,3.8,2.833,2317,1600,74,498,3.95,2.986,2317,1600,73,498,3.62,3.049,3583,2520,70,373,3.45,2.811,2293,1541,66,174,3.92,2.95,3174,2228,71,414,#REF!,#REF!,#REF!,#REF!,#REF!,#REF!,#REF!,#REF!,#REF!,#REF!,#REF!,#REF!,#REF!,#REF!,#REF!,#REF!,#REF!,#REF!
elevator-strips-simple-typed/instances/instance-40.lp,3.34,3.082,32697,24354,36,0,7.18,5.752,34237,26762,78,0,6.87,5.091,29594,23488,85,1000,7.53,5.251,28503,22979,89,1126,5.62,4.721,25433,19758,74,500,5.93,4.336,19479,14962,69,235,6.29,4.586,21413,16064,78,765,#REF!,#REF!,#REF!,#REF!,#REF!,#REF!,#REF!,#REF!,#REF!,#REF!,#REF!,#REF!,#REF!,#REF!,#REF!,#REF!,#REF!,#REF!
elevator-strips-simple-typed/instances/instance-42.lp,9.54,9.153,94890,75351,50,0,10.78,9.267,57882,46298,103,0,8.62,7.11,29012,22357,111,1000,9.39,7.511,31134,24022,123,1458,9.08,8.01,39291,31591,100,500,7.36,5.794,22232,16215,96,305,10.32,8.89,46785,37713,108,968,#REF!,#REF!,#REF!,#REF!,#REF!,#REF!,#REF!,#REF!,#REF!,#REF!,#REF!,#REF!,#REF!,#REF!,#REF!,#REF!,#REF!,#REF!
elevator-strips-simple-typed/instances/instance-43.lp,3.65,3.248,30417,23108,51,0,15.88,14.24,90381,80192,103,0,9.9,8.087,39674,31857,113,1000,10.36,8.019,37257,30184,119,1454,7.72,6.644,27391,21068,101,500,8.96,7.457,39771,30150,95,298,10.59,8.915,47968,40329,105,847,#REF!,#REF!,#REF!,#REF!,#REF!,#REF!,#REF!,#REF!,#REF!,#REF!,#REF!,#REF!,#REF!,#REF!,#REF!,#REF!,#REF!,#REF!
elevator-strips-simple-typed/instances/instance-44.lp,85.33,84.89,1013692,827786,55,0,171.16,169.666,2119418,1616257,108,0,33.32,31.789,371148,277465,111,1000,26.87,23.941,257767,194967,132,1500,46.57,45.675,567892,428312,106,500,26.23,24.335,297508,216550,100,368,29.87,28.052,327753,250647,108,1000,#REF!,#REF!,#REF!,#REF!,#REF!,#REF!,#REF!,#REF!,#REF!,#REF!,#REF!,#REF!,#REF!,#REF!,#REF!,#REF!,#REF!,#REF!
elevator-strips-simple-typed/instances/instance-45.lp,6.18,5.834,45626,36653,48,0,127.38,125.861,972471,858108,108,0,17.51,15.699,110716,83775,111,1000,13.84,11.684,74892,56419,118,1328,14.52,13.545,93948,70223,99,500,18.09,16.493,126367,95287,95,243,16.87,15.218,102150,79796,104,853,#REF!,#REF!,#REF!,#REF!,#REF!,#REF!,#REF!,#REF!,#REF!,#REF!,#REF!,#REF!,#REF!,#REF!,#REF!,#REF!,#REF!,#REF!
elevator-strips-simple-typed/instances/instance-46.lp,45.57,44.901,383862,309126,70,0,579.66,578.019,5059804,4267629,144,0,106.52,104.877,1099344,883531,148,1000,42.89,39.976,365194,282976,168,1500,118.49,117.417,1150178,906414,139,500,67.56,65.35,658218,495356,131,344,59.52,57.168,588885,440705,145,1000,#REF!,#REF!,#REF!,#REF!,#REF!,#REF!,#REF!,#REF!,#REF!,#REF!,#REF!,#REF!,#REF!,#REF!,#REF!,#REF!,#REF!,#REF!
elevator-strips-simple-typed/instances/instance-47.lp,17.58,16.964,145738,113894,68,0,13.17,11.482,53130,41413,130,0,10.79,9.305,31341,23576,142,1000,11.13,9.309,33104,24818,151,1442,9.26,8.334,29076,21808,134,500,9.33,7.959,22108,15913,124,216,9.94,8.383,24887,18284,138,1000,#REF!,#REF!,#REF!,#REF!,#REF!,#REF!,#REF!,#REF!,#REF!,#REF!,#REF!,#REF!,#REF!,#REF!,#REF!,#REF!,#REF!,#REF!
elevator-strips-simple-typed/instances/instance-48.lp,6.83,6.226,56931,46054,66,0,32.16,30.598,207647,185948,134,0,12.89,11.166,50117,39026,139,1000,12.17,10.038,38534,30114,148,1395,9.3,8.27,26480,19304,132,500,10.09,8.321,25787,19286,128,281,9.77,8.148,24323,17079,137,1000,#REF!,#REF!,#REF!,#REF!,#REF!,#REF!,#REF!,#REF!,#REF!,#REF!,#REF!,#REF!,#REF!,#REF!,#REF!,#REF!,#REF!,#REF!
elevator-strips-simple-typed/instances/instance-49.lp,71.86,71.189,628510,540292,69,0,887.15,885.607,6843572,6130442,150,0,128.92,126.574,1226311,960104,145,1000,127.89,124.517,1159366,918622,157,1500,113.49,112.473,1122622,852969,137,500,109.19,106.828,1147385,893555,134,375,57.73,55.449,554633,419567,139,1000,#REF!,#REF!,#REF!,#REF!,#REF!,#REF!,#REF!,#REF!,#REF!,#REF!,#REF!,#REF!,#REF!,#REF!,#REF!,#REF!,#REF!,#REF!
elevator-strips-simple-typed/instances/instance-50.lp,12.95,12.316,126324,96436,67,0,430.77,429.051,3730174,3207605,142,0,110.79,108.947,1140300,886476,141,1000,120.17,116.966,1207999,953081,163,1500,126.57,125.513,1230436,942668,135,500,60.18,58.068,610931,480920,132,396,112.03,110.383,1107460,860849,142,1000,#REF!,#REF!,#REF!,#REF!,#REF!,#REF!,#REF!,#REF!,#REF!,#REF!,#REF!,#REF!,#REF!,#REF!,#REF!,#REF!,#REF!,#REF!
elevator-strips-simple-typed/instances/instance-51.lp,282.37,281.37,2750179,2210115,102,0,900,900,6904629,6081359,198,0,136.25,134.238,1183009,965462,192,1000,97.8,93.76,738774,573475,211,1500,276.4,275.254,2333822,1819893,179,500,204.69,202.572,1883811,1468676,177,368,94.56,91.918,723053,572102,187,1000,#REF!,#REF!,#REF!,#REF!,#REF!,#REF!,#REF!,#REF!,#REF!,#REF!,#REF!,#REF!,#REF!,#REF!,#REF!,#REF!,#REF!,#REF!
elevator-strips-simple-typed/instances/instance-52.lp,22.8,21.93,153493,123802,88,0,28.46,26.736,118766,105317,176,0,16.31,14.407,42635,34705,184,1000,16.25,13.816,38813,30468,195,1498,17.88,16.819,61285,50554,175,500,16.33,14.581,45347,36992,169,270,15.5,13.706,43343,33625,180,1000,#REF!,#REF!,#REF!,#REF!,#REF!,#REF!,#REF!,#REF!,#REF!,#REF!,#REF!,#REF!,#REF!,#REF!,#REF!,#REF!,#REF!,#REF!
elevator-strips-simple-typed/instances/instance-53.lp,900,900,6389721,5524816,108,0,900,900,6778509,5688142,188,0,900,900,7675254,5992580,196,0,900,900,8091309,6320288,201,0,900,900,7782584,6014557,185,0,900,900,9293144,7066079,176,0,900,900,8554767,6592762,188,0,#REF!,#REF!,#REF!,#REF!,#REF!,#REF!,#REF!,#REF!,#REF!,#REF!,#REF!,#REF!,#REF!,#REF!,#REF!,#REF!,#REF!,#REF!
elevator-strips-simple-typed/instances/instance-54.lp,900,900,7668282,6545417,117,0,900,900,7091858,6105761,193,0,900,900,7955318,6259538,195,0,900,900,7965000,6214825,208,0,900,900,8094270,6314973,181,0,900,900,7889808,6066172,181,0,900,900,8454240,6672677,193,0,#REF!,#REF!,#REF!,#REF!,#REF!,#REF!,#REF!,#REF!,#REF!,#REF!,#REF!,#REF!,#REF!,#REF!,#REF!,#REF!,#REF!,#REF!
elevator-strips-simple-typed/instances/instance-55.lp,29.72,28.836,295541,234855,89,0,334.64,333.017,2522087,2102893,187,0,255.51,253.439,2305018,1809841,193,1000,120.95,118.25,1092909,829099,200,1500,254.24,253.057,2293390,1797493,184,500,226.08,223.708,2129613,1623127,177,392,95.68,93.731,852861,653556,188,1000,#REF!,#REF!,#REF!,#REF!,#REF!,#REF!,#REF!,#REF!,#REF!,#REF!,#REF!,#REF!,#REF!,#REF!,#REF!,#REF!,#REF!,#REF!
elevator-strips-simple-typed/instances/instance-56.lp,309.34,307.909,3606958,3065623,127,0,900,900,5680573,4927115,251,0,900,900,7105752,5712498,246,0,900,900,7352201,5706087,263,0,900,900,7023200,5521475,243,0,900,900,7695521,5896648,241,0,900,900,7536920,5875207,256,0,#REF!,#REF!,#REF!,#REF!,#REF!,#REF!,#REF!,#REF!,#REF!,#REF!,#REF!,#REF!,#REF!,#REF!,#REF!,#REF!,#REF!,#REF!
elevator-strips-simple-typed/instances/instance-57.lp,275.94,274.525,2888505,2455516,133,0,900,900,7171273,6688150,235,0,900,900,6869085,5429385,249,0,900,900,6886548,5502084,261,0,900,900,6610458,5218258,246,0,900,900,7177208,5518123,243,0,900,900,7240014,5631397,246,0,#REF!,#REF!,#REF!,#REF!,#REF!,#REF!,#REF!,#REF!,#REF!,#REF!,#REF!,#REF!,#REF!,#REF!,#REF!,#REF!,#REF!,#REF!
elevator-strips-simple-typed/instances/instance-58.lp,497.17,495.73,4971424,4299234,139,0,900,900,6110307,5179063,246,0,900,900,6718595,5286873,253,0,900,900,6782700,5308932,257,0,900,900,6701019,5274139,249,0,900,900,7614491,5807055,237,0,900,900,6982512,5481199,256,0,#REF!,#REF!,#REF!,#REF!,#REF!,#REF!,#REF!,#REF!,#REF!,#REF!,#REF!,#REF!,#REF!,#REF!,#REF!,#REF!,#REF!,#REF!
elevator-strips-simple-typed/instances/instance-59.lp,287.75,286.391,2132097,1845090,125,0,900,900,5691532,4959912,248,0,180.87,178.882,1300020,1011226,244,1000,90.36,87.933,627011,484097,251,1500,199.73,198.607,1429859,1103373,241,500,261.4,258.851,2055656,1616496,241,346,56.95,54.454,407994,313828,243,1000,#REF!,#REF!,#REF!,#REF!,#REF!,#REF!,#REF!,#REF!,#REF!,#REF!,#REF!,#REF!,#REF!,#REF!,#REF!,#REF!,#REF!,#REF!
freecell-strips-typed/instances/instance-1.lp,115.28,89.623,1863,1580,4013,0,900,900,0,0,8152,0,900,900,0,0,8002,0,900,900,0,0,8076,0,900,900,0,0,8022,0,900,900,0,0,8051,0,900,900,0,0,8063,0,#REF!,#REF!,#REF!,#REF!,#REF!,#REF!,#REF!,#REF!,#REF!,#REF!,#REF!,#REF!,#REF!,#REF!,#REF!,#REF!,#REF!,#REF!
freecell-strips-typed/instances/instance-10.lp,900,900,0,0,8088,0,900,900,0,0,8099,0,900,900,0,0,8093,0,900,900,0,0,8002,0,900,900,0,0,8050,0,900,900,0,0,8093,0,900,900,0,0,8087,0,#REF!,#REF!,#REF!,#REF!,#REF!,#REF!,#REF!,#REF!,#REF!,#REF!,#REF!,#REF!,#REF!,#REF!,#REF!,#REF!,#REF!,#REF!
freecell-strips-typed/instances/instance-11.lp,900,900,0,0,8016,0,900,900,0,0,8028,0,900,900,0,0,8029,0,900,900,0,0,8027,0,900,900,0,0,8028,0,900,900,0,0,8007,0,900,900,0,0,8021,0,#REF!,#REF!,#REF!,#REF!,#REF!,#REF!,#REF!,#REF!,#REF!,#REF!,#REF!,#REF!,#REF!,#REF!,#REF!,#REF!,#REF!,#REF!
freecell-strips-typed/instances/instance-12.lp,900,900,0,0,8014,0,900,900,0,0,8029,0,900,900,0,0,8028,0,900,900,0,0,8029,0,900,900,0,0,8022,0,900,900,0,0,8028,0,900,900,0,0,8006,0,#REF!,#REF!,#REF!,#REF!,#REF!,#REF!,#REF!,#REF!,#REF!,#REF!,#REF!,#REF!,#REF!,#REF!,#REF!,#REF!,#REF!,#REF!
freecell-strips-typed/instances/instance-13.lp,900,900,0,0,8019,0,900,900,0,0,8022,0,900,900,0,0,8029,0,900,900,0,0,8028,0,900,900,0,0,8027,0,900,900,0,0,8027,0,900,900,0,0,8021,0,#REF!,#REF!,#REF!,#REF!,#REF!,#REF!,#REF!,#REF!,#REF!,#REF!,#REF!,#REF!,#REF!,#REF!,#REF!,#REF!,#REF!,#REF!
freecell-strips-typed/instances/instance-14.lp,900,900,0,0,8014,0,900,900,0,0,8029,0,900,900,0,0,8029,0,900,900,0,0,8028,0,900,900,0,0,8029,0,900,900,0,0,8028,0,900,900,0,0,8002,0,#REF!,#REF!,#REF!,#REF!,#REF!,#REF!,#REF!,#REF!,#REF!,#REF!,#REF!,#REF!,#REF!,#REF!,#REF!,#REF!,#REF!,#REF!
freecell-strips-typed/instances/instance-15.lp,900,900,0,0,8015,0,900,900,0,0,8028,0,900,900,0,0,8020,0,900,900,0,0,8027,0,900,900,0,0,8028,0,900,900,0,0,8022,0,900,900,0,0,8016,0,#REF!,#REF!,#REF!,#REF!,#REF!,#REF!,#REF!,#REF!,#REF!,#REF!,#REF!,#REF!,#REF!,#REF!,#REF!,#REF!,#REF!,#REF!
freecell-strips-typed/instances/instance-19.lp,900,900,0,0,8031,0,900,900,0,0,8003,0,900,900,0,0,8045,0,900,900,0,0,8000,0,900,900,0,0,8000,0,900,900,0,0,8003,0,900,900,0,0,8000,0,#REF!,#REF!,#REF!,#REF!,#REF!,#REF!,#REF!,#REF!,#REF!,#REF!,#REF!,#REF!,#REF!,#REF!,#REF!,#REF!,#REF!,#REF!
freecell-strips-typed/instances/instance-2.lp,115.18,89.994,6124,5316,3977,0,900,900,0,0,8175,0,900,900,0,0,8120,0,900,900,0,0,8060,0,900,900,0,0,8008,0,900,900,0,0,8202,0,900,900,0,0,8119,0,#REF!,#REF!,#REF!,#REF!,#REF!,#REF!,#REF!,#REF!,#REF!,#REF!,#REF!,#REF!,#REF!,#REF!,#REF!,#REF!,#REF!,#REF!
freecell-strips-typed/instances/instance-3.lp,112.37,89.793,331,281,3873,0,900,900,0,0,8003,0,900,900,0,0,8015,0,900,900,0,0,8019,0,900,900,0,0,8215,0,900,900,0,0,8170,0,900,900,0,0,8211,0,#REF!,#REF!,#REF!,#REF!,#REF!,#REF!,#REF!,#REF!,#REF!,#REF!,#REF!,#REF!,#REF!,#REF!,#REF!,#REF!,#REF!,#REF!
freecell-strips-typed/instances/instance-4.lp,115.27,89.734,10134,8943,3876,0,900,900,0,0,8170,0,900,900,0,0,8064,0,900,900,0,0,8016,0,900,900,0,0,8020,0,900,900,0,0,8049,0,900,900,0,0,8120,0,#REF!,#REF!,#REF!,#REF!,#REF!,#REF!,#REF!,#REF!,#REF!,#REF!,#REF!,#REF!,#REF!,#REF!,#REF!,#REF!,#REF!,#REF!
freecell-strips-typed/instances/instance-5.lp,114.35,89.197,4893,4187,3927,0,900,900,0,0,8161,0,900,900,0,0,8157,0,900,900,0,0,8155,0,900,900,0,0,8167,0,900,900,0,0,8211,0,900,900,0,0,8064,0,#REF!,#REF!,#REF!,#REF!,#REF!,#REF!,#REF!,#REF!,#REF!,#REF!,#REF!,#REF!,#REF!,#REF!,#REF!,#REF!,#REF!,#REF!
freecell-strips-typed/instances/instance-6.lp,900,900,0,0,8003,0,900,900,0,0,8031,0,900,900,0,0,8127,0,900,900,0,0,8130,0,900,900,0,0,8093,0,900,900,0,0,8013,0,900,900,0,0,8130,0,#REF!,#REF!,#REF!,#REF!,#REF!,#REF!,#REF!,#REF!,#REF!,#REF!,#REF!,#REF!,#REF!,#REF!,#REF!,#REF!,#REF!,#REF!
freecell-strips-typed/instances/instance-7.lp,900,900,0,0,8083,0,900,900,0,0,8096,0,900,900,0,0,8098,0,900,900,0,0,8034,0,900,900,0,0,8004,0,900,900,0,0,8093,0,900,900,0,0,8045,0,#REF!,#REF!,#REF!,#REF!,#REF!,#REF!,#REF!,#REF!,#REF!,#REF!,#REF!,#REF!,#REF!,#REF!,#REF!,#REF!,#REF!,#REF!
freecell-strips-typed/instances/instance-8.lp,900,900,0,0,8080,0,900,900,0,0,8095,0,900,900,0,0,8016,0,900,900,0,0,8048,0,900,900,0,0,8052,0,900,900,0,0,8089,0,900,900,0,0,8089,0,#REF!,#REF!,#REF!,#REF!,#REF!,#REF!,#REF!,#REF!,#REF!,#REF!,#REF!,#REF!,#REF!,#REF!,#REF!,#REF!,#REF!,#REF!
freecell-strips-typed/instances/instance-9.lp,900,900,0,0,8118,0,900,900,0,0,8132,0,900,900,0,0,8027,0,900,900,0,0,8132,0,900,900,0,0,8095,0,900,900,0,0,8131,0,900,900,0,0,8132,0,#REF!,#REF!,#REF!,#REF!,#REF!,#REF!,#REF!,#REF!,#REF!,#REF!,#REF!,#REF!,#REF!,#REF!,#REF!,#REF!,#REF!,#REF!
grid-round-2-strips/instances/instance-1.lp,24.82,16.35,285,148,718,0,111.73,108.301,283,106,1963,0,110.74,107.612,251,96,1959,3,115.2,111.872,251,96,1959,3,109.96,106.412,251,96,1959,3,111.77,108.175,251,96,1959,3,110.71,107.5,251,96,1958,3,#REF!,#REF!,#REF!,#REF!,#REF!,#REF!,#REF!,#REF!,#REF!,#REF!,#REF!,#REF!,#REF!,#REF!,#REF!,#REF!,#REF!,#REF!
grid-round-2-strips/instances/instance-2.lp,114.23,62.329,10675,6685,2158,0,363.12,347.655,377061,7338,5827,0,357.36,342.561,274429,7528,5787,65,358,342.928,274429,7528,5787,65,348.28,333.811,274429,7528,5786,65,352.76,337.842,118295,3293,5771,50,355.55,340.324,361078,7972,5773,62,#REF!,#REF!,#REF!,#REF!,#REF!,#REF!,#REF!,#REF!,#REF!,#REF!,#REF!,#REF!,#REF!,#REF!,#REF!,#REF!,#REF!,#REF!
gripper-round-1-strips/instances/instance-10.lp,900,900,6677383,5377363,58,0,900,900,12240598,8937278,67,0,900,900,9680432,7143660,86,0,900,900,10145837,7350988,120,0,900,900,10942816,8093224,77,0,900,900,10285389,7809487,70,0,900,900,11218922,8210723,66,0,#REF!,#REF!,#REF!,#REF!,#REF!,#REF!,#REF!,#REF!,#REF!,#REF!,#REF!,#REF!,#REF!,#REF!,#REF!,#REF!,#REF!,#REF!
gripper-round-1-strips/instances/instance-11.lp,900,900,7068260,5931669,54,0,900,900,11495637,8343891,68,0,900,900,10668115,7838292,79,0,900,900,9973229,7242258,115,0,900,900,10389251,7733913,79,0,900,900,9999109,7594696,73,0,900,900,10066584,7502057,73,0,#REF!,#REF!,#REF!,#REF!,#REF!,#REF!,#REF!,#REF!,#REF!,#REF!,#REF!,#REF!,#REF!,#REF!,#REF!,#REF!,#REF!,#REF!
gripper-round-1-strips/instances/instance-12.lp,900,900,6670190,5538058,53,0,900,900,11243580,8160680,75,0,900,900,10275955,7304418,104,0,900,900,10462590,7544980,114,0,900,900,11068937,8018069,73,0,900,900,11522547,8341497,66,0,900,900,11345508,8040567,84,0,#REF!,#REF!,#REF!,#REF!,#REF!,#REF!,#REF!,#REF!,#REF!,#REF!,#REF!,#REF!,#REF!,#REF!,#REF!,#REF!,#REF!,#REF!
gripper-round-1-strips/instances/instance-13.lp,900,900,6785735,5627568,59,0,900,900,9962190,7341373,80,0,900,900,9914421,7206555,94,0,900,900,9937730,7125373,114,0,900,900,10827059,7747382,91,0,900,900,10543769,7663718,81,0,900,900,10126464,7266712,92,0,#REF!,#REF!,#REF!,#REF!,#REF!,#REF!,#REF!,#REF!,#REF!,#REF!,#REF!,#REF!,#REF!,#REF!,#REF!,#REF!,#REF!,#REF!
gripper-round-1-strips/instances/instance-14.lp,900,900,6002394,4867250,61,0,900,900,11021155,7926269,82,0,900,900,9922392,6953697,107,0,900,900,9709379,6896463,114,0,900,900,10503266,7581160,86,0,900,900,10229903,7426355,81,0,900,900,9921595,6988137,98,0,#REF!,#REF!,#REF!,#REF!,#REF!,#REF!,#REF!,#REF!,#REF!,#REF!,#REF!,#REF!,#REF!,#REF!,#REF!,#REF!,#REF!,#REF!
gripper-round-1-strips/instances/instance-15.lp,900,900,6569987,5457840,58,0,900,900,9133825,6686615,86,0,900,900,9711458,6873875,112,0,900,900,9316226,6615114,123,0,900,900,9974173,7058435,93,0,900,900,10588231,7638500,85,0,900,900,10299274,7328875,97,0,#REF!,#REF!,#REF!,#REF!,#REF!,#REF!,#REF!,#REF!,#REF!,#REF!,#REF!,#REF!,#REF!,#REF!,#REF!,#REF!,#REF!,#REF!
gripper-round-1-strips/instances/instance-16.lp,900,900,5872514,4845252,60,0,900,900,9097137,6639689,97,0,900,900,8753253,6392922,108,0,900,900,8316443,6089377,106,0,900,900,9610401,6953645,97,0,900,900,8551135,6274150,82,0,900,900,9635130,6840405,103,0,#REF!,#REF!,#REF!,#REF!,#REF!,#REF!,#REF!,#REF!,#REF!,#REF!,#REF!,#REF!,#REF!,#REF!,#REF!,#REF!,#REF!,#REF!
gripper-round-1-strips/instances/instance-17.lp,900,900,6007948,4948392,62,0,900,900,9401024,6804440,92,0,900,900,9181774,6554385,115,0,900,900,8708401,6278539,112,0,900,900,9283896,6713121,89,0,900,900,9699868,6994772,87,0,900,900,9357823,6586916,103,0,#REF!,#REF!,#REF!,#REF!,#REF!,#REF!,#REF!,#REF!,#REF!,#REF!,#REF!,#REF!,#REF!,#REF!,#REF!,#REF!,#REF!,#REF!
gripper-round-1-strips/instances/instance-18.lp,900,900,5715233,4779742,63,0,900,900,8750304,6422485,98,0,900,900,8479636,6164157,110,0,900,900,8431380,6010607,140,0,900,900,9538402,6786753,106,0,900,900,8359101,6171868,90,0,900,900,8974144,6553866,95,0,#REF!,#REF!,#REF!,#REF!,#REF!,#REF!,#REF!,#REF!,#REF!,#REF!,#REF!,#REF!,#REF!,#REF!,#REF!,#REF!,#REF!,#REF!
gripper-round-1-strips/instances/instance-19.lp,900,900,5691591,4672865,71,0,900,900,8939213,6465816,102,0,900,900,8621811,6083552,126,0,900,900,8768889,6296834,116,0,900,900,8984686,6487012,100,0,900,900,9206713,6661323,97,0,900,900,11766523,7164501,115,0,#REF!,#REF!,#REF!,#REF!,#REF!,#REF!,#REF!,#REF!,#REF!,#REF!,#REF!,#REF!,#REF!,#REF!,#REF!,#REF!,#REF!,#REF!
gripper-round-1-strips/instances/instance-20.lp,900,900,5496270,4550089,68,0,900,900,8243274,5971955,108,0,900,900,8096298,5684676,130,0,900,900,8611012,6152203,144,0,900,900,10520181,6286048,110,0,900,900,8551246,6198764,97,0,900,900,9411653,6274170,127,0,#REF!,#REF!,#REF!,#REF!,#REF!,#REF!,#REF!,#REF!,#REF!,#REF!,#REF!,#REF!,#REF!,#REF!,#REF!,#REF!,#REF!,#REF!
gripper-round-1-strips/instances/instance-4.lp,28.63,28.554,443190,353615,21,0,17.76,17.258,328264,245329,40,0,16.23,15.33,250152,186322,62,916,22.04,20.947,308369,228344,68,1172,15.12,14.575,254065,185340,48,500,37.91,37.378,626840,490025,38,134,26.43,25.638,431009,321219,48,592,#REF!,#REF!,#REF!,#REF!,#REF!,#REF!,#REF!,#REF!,#REF!,#REF!,#REF!,#REF!,#REF!,#REF!,#REF!,#REF!,#REF!,#REF!
gripper-round-1-strips/instances/instance-5.lp,900,900,7204216,6095926,40,0,900,900,13307282,10084229,59,0,900,900,12781570,9474550,68,0,444.26,442.425,6411937,4677162,93,1500,534.73,534.087,8200128,6057196,63,500,900,900,12895489,9738459,60,0,794.45,793.52,12270178,9014254,68,666,#REF!,#REF!,#REF!,#REF!,#REF!,#REF!,#REF!,#REF!,#REF!,#REF!,#REF!,#REF!,#REF!,#REF!,#REF!,#REF!,#REF!,#REF!
gripper-round-1-strips/instances/instance-6.lp,900,900,7298967,6111915,48,0,900,900,13928586,10242031,59,0,900,900,11213341,8496077,77,0,900,900,11576518,8435007,99,0,900,900,12724992,9443154,69,0,900,900,12955076,9701118,57,0,900,900,12796453,9447184,74,0,#REF!,#REF!,#REF!,#REF!,#REF!,#REF!,#REF!,#REF!,#REF!,#REF!,#REF!,#REF!,#REF!,#REF!,#REF!,#REF!,#REF!,#REF!
gripper-round-1-strips/instances/instance-7.lp,900,900,7418556,6214324,45,0,900,900,13264686,9829560,61,0,900,900,11736559,8601393,87,0,900,900,10800274,8014143,105,0,900,900,12215493,8980271,78,0,900,900,11515844,8728526,59,0,900,900,12200206,9016445,67,0,#REF!,#REF!,#REF!,#REF!,#REF!,#REF!,#REF!,#REF!,#REF!,#REF!,#REF!,#REF!,#REF!,#REF!,#REF!,#REF!,#REF!,#REF!
gripper-round-1-strips/instances/instance-8.lp,900,900,6891500,5574349,53,0,900,900,11837937,8827060,68,0,900,900,11420265,8336857,90,0,900,900,10861742,7879723,107,0,900,900,11960432,8836345,70,0,900,900,12220431,9154682,57,0,900,900,12057523,8732920,77,0,#REF!,#REF!,#REF!,#REF!,#REF!,#REF!,#REF!,#REF!,#REF!,#REF!,#REF!,#REF!,#REF!,#REF!,#REF!,#REF!,#REF!,#REF!
gripper-round-1-strips/instances/instance-9.lp,900,900,6922163,5854191,50,0,900,900,12169099,8991799,72,0,900,900,10431805,7602768,93,0,900,900,10136373,7566621,80,0,900,900,10922745,8204941,71,0,900,900,10516866,8053077,64,0,900,900,10985291,8062586,73,0,#REF!,#REF!,#REF!,#REF!,#REF!,#REF!,#REF!,#REF!,#REF!,#REF!,#REF!,#REF!,#REF!,#REF!,#REF!,#REF!,#REF!,#REF!
logistics-round-1-strips/instances/instance-1.lp,0.35,0.264,155,17,21,0,1.3,1.178,215,11,41,0,1.56,1.333,215,11,43,0,1.65,1.427,215,11,43,0,1.43,1.328,215,11,42,0,1.26,1.152,215,11,42,0,1.25,1.145,215,11,42,0,#REF!,#REF!,#REF!,#REF!,#REF!,#REF!,#REF!,#REF!,#REF!,#REF!,#REF!,#REF!,#REF!,#REF!,#REF!,#REF!,#REF!,#REF!
logistics-round-1-strips/instances/instance-10.lp,337.42,327.769,557648,448978,1050,0,149.73,145.032,51069,1066,2878,0,193.32,188.484,154029,55934,2884,179,195.37,191.078,154029,55934,2880,179,189.57,185.185,154029,55934,2883,179,150.77,146.284,64205,1394,2883,114,151.35,147.026,21149,2779,2885,169,#REF!,#REF!,#REF!,#REF!,#REF!,#REF!,#REF!,#REF!,#REF!,#REF!,#REF!,#REF!,#REF!,#REF!,#REF!,#REF!,#REF!,#REF!
logistics-round-1-strips/instances/instance-11.lp,1.48,1.176,5048,125,77,0,6.75,6.507,706,31,165,0,6.65,6.401,706,31,164,0,6.67,6.421,706,31,161,0,6.82,6.565,706,31,161,0,6.59,6.356,706,31,165,0,6.65,6.41,706,31,164,0,#REF!,#REF!,#REF!,#REF!,#REF!,#REF!,#REF!,#REF!,#REF!,#REF!,#REF!,#REF!,#REF!,#REF!,#REF!,#REF!,#REF!,#REF!
logistics-round-1-strips/instances/instance-12.lp,80.53,54.921,8923,124,2580,0,401.9,392.091,7778,173,7550,0,463.22,453.893,7778,173,7549,0,407.12,397.589,7778,173,7551,0,417.24,408.036,7778,173,7553,0,398.34,388.785,7778,173,7549,0,391.07,381.98,7778,173,7549,0,#REF!,#REF!,#REF!,#REF!,#REF!,#REF!,#REF!,#REF!,#REF!,#REF!,#REF!,#REF!,#REF!,#REF!,#REF!,#REF!,#REF!,#REF!
logistics-round-1-strips/instances/instance-13.lp,117.84,81.192,7882,122,3786,0,900,900,0,0,8164,0,900,900,0,0,8206,0,900,900,0,0,8052,0,900,900,0,0,8134,0,900,900,0,0,8110,0,900,900,0,0,8032,0,#REF!,#REF!,#REF!,#REF!,#REF!,#REF!,#REF!,#REF!,#REF!,#REF!,#REF!,#REF!,#REF!,#REF!,#REF!,#REF!,#REF!,#REF!
logistics-round-1-strips/instances/instance-14.lp,26.66,20.161,20256,389,967,0,127.48,124.701,10768,257,2555,0,125.17,122.167,10768,257,2558,0,132.28,129.224,10768,257,2558,0,128.43,125.089,10768,257,2556,0,135.76,132.992,10768,257,2557,0,126.53,123.432,10768,257,2554,0,#REF!,#REF!,#REF!,#REF!,#REF!,#REF!,#REF!,#REF!,#REF!,#REF!,#REF!,#REF!,#REF!,#REF!,#REF!,#REF!,#REF!,#REF!
logistics-round-1-strips/instances/instance-15.lp,2.58,1.988,6327,1400,105,0,9.02,8.709,7955,1264,225,0,9.13,8.666,5173,1017,227,17,8.93,8.504,5173,1017,227,17,9.07,8.726,5173,1017,225,17,9.22,8.852,5173,1017,225,17,9.33,8.958,5173,1017,226,17,#REF!,#REF!,#REF!,#REF!,#REF!,#REF!,#REF!,#REF!,#REF!,#REF!,#REF!,#REF!,#REF!,#REF!,#REF!,#REF!,#REF!,#REF!
logistics-round-1-strips/instances/instance-16.lp,25.83,18.062,12759,260,924,0,119.99,115.602,10475,219,2382,0,121.82,117.128,10475,219,2381,0,116.48,112.449,10475,219,2379,0,118.96,114.777,10475,219,2379,0,117.45,113.345,10475,219,2380,0,131.79,127.772,10475,219,2382,0,#REF!,#REF!,#REF!,#REF!,#REF!,#REF!,#REF!,#REF!,#REF!,#REF!,#REF!,#REF!,#REF!,#REF!,#REF!,#REF!,#REF!,#REF!
logistics-round-1-strips/instances/instance-17.lp,4.99,3.807,6824,270,200,0,24.52,23.867,4678,159,526,0,25.15,24.476,4678,159,525,0,26.02,25.246,4678,159,525,0,24.45,23.824,4678,159,518,0,24.37,23.796,4678,159,525,0,25.48,24.848,4678,159,527,0,#REF!,#REF!,#REF!,#REF!,#REF!,#REF!,#REF!,#REF!,#REF!,#REF!,#REF!,#REF!,#REF!,#REF!,#REF!,#REF!,#REF!,#REF!
logistics-round-1-strips/instances/instance-19.lp,900,900,3693130,3421076,2601,0,900,900,1941842,1239455,7584,0,900,900,1982649,1268437,7581,0,900,900,1899869,1210833,7575,0,900,900,1936122,1236212,7581,0,900,900,1963512,1253600,7580,0,900,900,1997809,1278824,7575,0,#REF!,#REF!,#REF!,#REF!,#REF!,#REF!,#REF!,#REF!,#REF!,#REF!,#REF!,#REF!,#REF!,#REF!,#REF!,#REF!,#REF!,#REF!
logistics-round-1-strips/instances/instance-2.lp,1.12,0.882,499,49,55,0,5.82,5.595,787,59,143,0,5.96,5.628,787,59,136,0,5.82,5.594,787,59,142,0,5.84,5.631,787,59,139,0,5.83,5.623,787,59,140,0,6.08,5.871,787,59,137,0,#REF!,#REF!,#REF!,#REF!,#REF!,#REF!,#REF!,#REF!,#REF!,#REF!,#REF!,#REF!,#REF!,#REF!,#REF!,#REF!,#REF!,#REF!
logistics-round-1-strips/instances/instance-21.lp,139.84,93.884,21572,382,4176,0,900,900,0,0,8002,0,900,900,0,0,8003,0,900,900,0,0,8003,0,900,900,0,0,8001,0,900,900,0,0,8001,0,900,900,0,0,8002,0,#REF!,#REF!,#REF!,#REF!,#REF!,#REF!,#REF!,#REF!,#REF!,#REF!,#REF!,#REF!,#REF!,#REF!,#REF!,#REF!,#REF!,#REF!
logistics-round-1-strips/instances/instance-23.lp,147.32,145.752,440342,367171,313,0,36,34.808,18402,1062,783,0,35.1,33.978,11493,881,787,253,35.97,34.705,11493,881,786,253,35.91,34.673,11605,958,786,231,35.38,34.185,23797,1046,785,120,35.5,34.343,23764,1398,786,218,#REF!,#REF!,#REF!,#REF!,#REF!,#REF!,#REF!,#REF!,#REF!,#REF!,#REF!,#REF!,#REF!,#REF!,#REF!,#REF!,#REF!,#REF!
logistics-round-1-strips/instances/instance-24.lp,84.76,56.673,13253,204,2615,0,404.12,392.589,7694,202,7531,0,408.23,398.326,7694,202,7528,0,395.08,385.165,7694,202,7531,0,422.97,413.313,7694,202,7529,0,399.79,389.887,7694,202,7530,0,405.04,394.068,7694,202,7531,0,#REF!,#REF!,#REF!,#REF!,#REF!,#REF!,#REF!,#REF!,#REF!,#REF!,#REF!,#REF!,#REF!,#REF!,#REF!,#REF!,#REF!,#REF!
logistics-round-1-strips/instances/instance-3.lp,4.32,3.239,1642,111,181,0,21.82,21.209,839,84,463,0,22.93,22.34,839,84,464,0,21.72,21.023,839,84,464,0,22.66,22.076,839,84,472,0,21.82,21.224,839,84,461,0,22.84,22.285,839,84,473,0,#REF!,#REF!,#REF!,#REF!,#REF!,#REF!,#REF!,#REF!,#REF!,#REF!,#REF!,#REF!,#REF!,#REF!,#REF!,#REF!,#REF!,#REF!
logistics-round-1-strips/instances/instance-4.lp,7.68,5.812,2779,190,317,0,39.15,38.152,2816,152,825,0,39.84,38.869,2816,152,825,0,39.46,38.382,2816,152,827,0,38.36,37.46,2816,152,825,0,38.53,37.638,2816,152,826,0,38.37,37.436,2816,152,826,0,#REF!,#REF!,#REF!,#REF!,#REF!,#REF!,#REF!,#REF!,#REF!,#REF!,#REF!,#REF!,#REF!,#REF!,#REF!,#REF!,#REF!,#REF!
logistics-round-1-strips/instances/instance-6.lp,12.1,9.073,5264,500,486,0,51.6,50.03,2990,195,1131,0,51.64,50.122,4196,448,1134,27,51.51,49.871,4196,448,1132,27,52.09,50.535,4196,448,1132,27,52.47,50.899,5714,777,1133,18,52.24,50.662,4196,448,1132,27,#REF!,#REF!,#REF!,#REF!,#REF!,#REF!,#REF!,#REF!,#REF!,#REF!,#REF!,#REF!,#REF!,#REF!,#REF!,#REF!,#REF!,#REF!
logistics-round-1-strips/instances/instance-7.lp,2.9,2.254,2075,122,125,0,13.98,13.569,1157,84,307,0,13.94,13.532,1157,84,311,0,14.12,13.701,1157,84,305,0,14.12,13.697,1157,84,305,0,13.9,13.48,1157,84,304,0,13.72,13.339,1157,84,311,0,#REF!,#REF!,#REF!,#REF!,#REF!,#REF!,#REF!,#REF!,#REF!,#REF!,#REF!,#REF!,#REF!,#REF!,#REF!,#REF!,#REF!,#REF!
logistics-round-1-strips/instances/instance-8.lp,13.42,10.071,3270,179,507,0,66.79,65.206,3997,292,1351,0,67.02,65.321,3997,292,1348,0,65.35,63.654,3997,292,1349,0,65.27,63.597,3997,292,1348,0,65.69,64.115,3997,292,1350,0,65.27,63.649,3997,292,1348,0,#REF!,#REF!,#REF!,#REF!,#REF!,#REF!,#REF!,#REF!,#REF!,#REF!,#REF!,#REF!,#REF!,#REF!,#REF!,#REF!,#REF!,#REF!
logistics-round-1-strips/instances/instance-9.lp,18.67,14.112,12982,2303,659,0,89.75,87.195,11428,1254,1801,0,90.04,87.32,11649,1235,1806,254,88.73,85.856,11649,1235,1808,254,89.34,86.832,6674,1162,1804,193,90.48,87.673,17696,1535,1803,144,89.49,86.551,12377,1280,1806,225,#REF!,#REF!,#REF!,#REF!,#REF!,#REF!,#REF!,#REF!,#REF!,#REF!,#REF!,#REF!,#REF!,#REF!,#REF!,#REF!,#REF!,#REF!
mystery-round-1-strips/instances/instance-10.lp,900,900,0,0,8047,0,900,900,0,0,8055,0,900,900,0,0,8051,0,900,900,0,0,8051,0,900,900,0,0,8048,0,900,900,0,0,8055,0,900,900,0,0,8048,0,#REF!,#REF!,#REF!,#REF!,#REF!,#REF!,#REF!,#REF!,#REF!,#REF!,#REF!,#REF!,#REF!,#REF!,#REF!,#REF!,#REF!,#REF!
mystery-round-1-strips/instances/instance-13.lp,900,900,0,0,8105,0,900,900,0,0,8181,0,900,900,0,0,8174,0,900,900,0,0,8065,0,900,900,0,0,8177,0,900,900,0,0,8032,0,900,900,0,0,8190,0,#REF!,#REF!,#REF!,#REF!,#REF!,#REF!,#REF!,#REF!,#REF!,#REF!,#REF!,#REF!,#REF!,#REF!,#REF!,#REF!,#REF!,#REF!
mystery-round-1-strips/instances/instance-15.lp,900,900,0,0,8056,0,900,900,0,0,8091,0,900,900,0,0,8141,0,900,900,0,0,8050,0,900,900,0,0,8053,0,900,900,0,0,8069,0,900,900,0,0,8196,0,#REF!,#REF!,#REF!,#REF!,#REF!,#REF!,#REF!,#REF!,#REF!,#REF!,#REF!,#REF!,#REF!,#REF!,#REF!,#REF!,#REF!,#REF!
mystery-round-1-strips/instances/instance-17.lp,900,900,0,0,8031,0,900,900,0,0,8192,0,900,900,0,0,8136,0,900,900,0,0,8058,0,900,900,0,0,8162,0,900,900,0,0,8148,0,900,900,0,0,8180,0,#REF!,#REF!,#REF!,#REF!,#REF!,#REF!,#REF!,#REF!,#REF!,#REF!,#REF!,#REF!,#REF!,#REF!,#REF!,#REF!,#REF!,#REF!
mystery-round-1-strips/instances/instance-19.lp,61.25,47.231,775,207,1997,0,330.72,322.754,816,276,6499,0,336.65,328.626,1614,591,6502,17,339.34,331.486,1614,591,6497,17,336.58,328.422,1614,591,6503,17,340.84,332.731,2375,1097,6498,11,340.64,332.488,1614,591,6501,14,#REF!,#REF!,#REF!,#REF!,#REF!,#REF!,#REF!,#REF!,#REF!,#REF!,#REF!,#REF!,#REF!,#REF!,#REF!,#REF!,#REF!,#REF!
mystery-round-1-strips/instances/instance-2.lp,21.06,16.855,214,75,727,0,122.95,121.006,611,194,2414,0,122.55,120.667,611,194,2414,0,123.7,121.54,611,194,2418,0,133.92,131.844,611,194,2418,0,121.7,119.392,611,194,2418,0,121.31,118.959,611,194,2417,0,#REF!,#REF!,#REF!,#REF!,#REF!,#REF!,#REF!,#REF!,#REF!,#REF!,#REF!,#REF!,#REF!,#REF!,#REF!,#REF!,#REF!,#REF!
mystery-round-1-strips/instances/instance-20.lp,62.73,46.731,7548,1590,2084,0,354.29,346.462,3817,750,6610,0,340,332.884,32715,8590,6614,7,344.44,335.757,32715,8590,6615,7,355.09,347.609,32715,8590,6615,7,333.67,326.856,32715,8590,6612,7,350.11,342.206,32715,8590,6617,7,#REF!,#REF!,#REF!,#REF!,#REF!,#REF!,#REF!,#REF!,#REF!,#REF!,#REF!,#REF!,#REF!,#REF!,#REF!,#REF!,#REF!,#REF!
mystery-round-1-strips/instances/instance-26.lp,4.56,3.66,160,51,193,0,30.2,29.505,3074,1241,615,0,29.44,28.698,549,216,613,4,28.49,27.805,549,216,614,4,29.33,28.613,549,216,614,4,28.56,27.85,703,298,614,3,28.74,27.993,549,216,607,4,#REF!,#REF!,#REF!,#REF!,#REF!,#REF!,#REF!,#REF!,#REF!,#REF!,#REF!,#REF!,#REF!,#REF!,#REF!,#REF!,#REF!,#REF!
mystery-round-1-strips/instances/instance-27.lp,2.54,2.129,52,19,133,0,15.65,15.312,161,57,354,0,15.72,15.401,161,57,350,0,15.61,15.28,161,57,354,0,15.77,15.438,161,57,350,0,15.78,15.437,161,57,354,0,16.26,15.923,161,57,350,0,#REF!,#REF!,#REF!,#REF!,#REF!,#REF!,#REF!,#REF!,#REF!,#REF!,#REF!,#REF!,#REF!,#REF!,#REF!,#REF!,#REF!,#REF!
mystery-round-1-strips/instances/instance-29.lp,3.96,3.316,36,16,165,0,26.5,25.98,26,2,534,0,25.46,24.928,26,2,539,0,25.05,24.53,26,2,536,0,25.89,25.367,26,2,535,0,25.5,24.977,26,2,540,0,25.02,24.489,26,2,535,0,#REF!,#REF!,#REF!,#REF!,#REF!,#REF!,#REF!,#REF!,#REF!,#REF!,#REF!,#REF!,#REF!,#REF!,#REF!,#REF!,#REF!,#REF!
mystery-round-1-strips/instances/instance-3.lp,4.34,3.566,35,8,187,0,28.15,27.637,52,6,583,0,29.24,28.634,52,6,586,0,28.13,27.524,52,6,583,0,28.18,27.602,52,6,584,0,28.09,27.481,52,6,583,0,28.03,27.455,52,6,585,0,#REF!,#REF!,#REF!,#REF!,#REF!,#REF!,#REF!,#REF!,#REF!,#REF!,#REF!,#REF!,#REF!,#REF!,#REF!,#REF!,#REF!,#REF!
mystery-round-1-strips/instances/instance-30.lp,23.42,18.859,553,219,932,0,136.23,132.987,495,73,2698,0,135.97,132.978,503,72,2704,10,139.89,136.863,503,72,2702,10,135.71,132.391,503,72,2699,10,137.15,134.221,503,72,2700,7,137.18,134.369,503,72,2703,10,#REF!,#REF!,#REF!,#REF!,#REF!,#REF!,#REF!,#REF!,#REF!,#REF!,#REF!,#REF!,#REF!,#REF!,#REF!,#REF!,#REF!,#REF!
mystery-round-1-strips/instances/instance-6.lp,155.68,107.3,13318,5091,4504,0,900,900,0,0,8001,0,900,900,0,0,8004,0,900,900,0,0,8014,0,900,900,0,0,8005,0,900,900,0,0,8006,0,900,900,0,0,8003,0,#REF!,#REF!,#REF!,#REF!,#REF!,#REF!,#REF!,#REF!,#REF!,#REF!,#REF!,#REF!,#REF!,#REF!,#REF!,#REF!,#REF!,#REF!
mystery-round-1-strips/instances/instance-9.lp,9.04,7.325,122,41,353,0,56.58,55.634,264,65,1127,0,55.62,54.583,264,65,1130,0,56.77,55.797,264,65,1126,0,55.05,53.996,264,65,1125,0,55.54,54.515,264,65,1126,0,55.9,54.778,264,65,1126,0,#REF!,#REF!,#REF!,#REF!,#REF!,#REF!,#REF!,#REF!,#REF!,#REF!,#REF!,#REF!,#REF!,#REF!,#REF!,#REF!,#REF!,#REF!
,,,,,,,,,,,,,,,,,,,,,,,,,,,,,,,,,,,,,,,,,,,,,,,,,,,,,,,,,,,,
SUM,,,,,,,54326.36,54168.664,287980710,192850701,293013,0,50329.81,50166.328,253967877,158173316,293419,27934,49593.45,49418.372,242265628,149502374,293136,32778,49909.89,49761.317,262353673,162916856,292545,14792,50867.47,50709.355,271633001,168394165,292358,9116,49912.46,49748.885,264762660,163386990,292993,22571,#REF!,#REF!,#REF!,#REF!,#REF!,#REF!,#REF!,#REF!,#REF!,#REF!,#REF!,#REF!,#REF!,#REF!,#REF!,#REF!,#REF!,#REF!
AVG,,,,,,,399.458529411765,398.299,2117505.22058824,1418019.86029412,2154.50735294118,0,370.072132352941,368.870058823529,1867410.86029412,1163039.08823529,2157.49264705882,205.397058823529,364.657720588235,363.370382352941,1781364.91176471,1099282.16176471,2155.41176470588,241.014705882353,366.984485294118,365.892036764706,1929071.125,1197918.05882353,2151.06617647059,108.764705882353,374.025514705882,372.862904411765,1997301.47794118,1238192.38970588,2149.69117647059,67.0294117647059,367.003382352941,365.800625,1946784.26470588,1201374.92647059,2154.36029411765,165.963235294118,#REF!,#REF!,#REF!,#REF!,#REF!,#REF!,#REF!,#REF!,#REF!,#REF!,#REF!,#REF!,#REF!,#REF!,#REF!,#REF!,#REF!,#REF!
DEV,,,,,,,412.487746746008,413.004922050932,3983575.02197647,2831438.60083144,3113.56276336723,0,409.536745716983,410.064825792301,3755087.46456998,2526218.83001131,3105.87201328524,347.955430935072,407.928591223671,408.505331009851,3614953.0984828,2411523.0757965,3097.31594788871,459.924421895825,404.212152361566,404.636051063676,3851028.74257274,2597222.20002244,3106.7286026306,169.768218257374,412.03811619768,412.546182920506,3912534.9137499,2688046.14081803,3110.9790658836,107.516334068379,408.343362253659,408.839915456693,3959569.53737007,2660486.87182148,3110.70127540112,299.067449547899,#REF!,#REF!,#REF!,#REF!,#REF!,#REF!,#REF!,#REF!,#REF!,#REF!,#REF!,#REF!,#REF!,#REF!,#REF!,#REF!,#REF!,#REF!
DST,,,,,,,#NUM!,#NUM!,#NUM!,#NUM!,#NUM!,#NUM!,#NUM!,#NUM!,#NUM!,#NUM!,#NUM!,#NUM!,#NUM!,#NUM!,#NUM!,#NUM!,#NUM!,#NUM!,#NUM!,#NUM!,#NUM!,#NUM!,#NUM!,#NUM!,#NUM!,#NUM!,#NUM!,#NUM!,#NUM!,#NUM!,#NUM!,#NUM!,#NUM!,#NUM!,#NUM!,#NUM!,,,,,,,,,,,,,,,,,,
BEST,,,,,,,#REF!,#REF!,#REF!,#REF!,#REF!,#REF!,#REF!,#REF!,#REF!,#REF!,#REF!,#REF!,#REF!,#REF!,#REF!,#REF!,#REF!,#REF!,#REF!,#REF!,#REF!,#REF!,#REF!,#REF!,#REF!,#REF!,#REF!,#REF!,#REF!,#REF!,#REF!,#REF!,#REF!,#REF!,#REF!,#REF!,,,,,,,,,,,,,,,,,,
BETTER,,,,,,,#REF!,#REF!,#REF!,#REF!,#REF!,#REF!,#REF!,#REF!,#REF!,#REF!,#REF!,#REF!,#REF!,#REF!,#REF!,#REF!,#REF!,#REF!,#REF!,#REF!,#REF!,#REF!,#REF!,#REF!,#REF!,#REF!,#REF!,#REF!,#REF!,#REF!,#REF!,#REF!,#REF!,#REF!,#REF!,#REF!,,,,,,,,,,,,,,,,,,
WORSE,,,,,,,#REF!,#REF!,#REF!,#REF!,#REF!,#REF!,#REF!,#REF!,#REF!,#REF!,#REF!,#REF!,#REF!,#REF!,#REF!,#REF!,#REF!,#REF!,#REF!,#REF!,#REF!,#REF!,#REF!,#REF!,#REF!,#REF!,#REF!,#REF!,#REF!,#REF!,#REF!,#REF!,#REF!,#REF!,#REF!,#REF!,,,,,,,,,,,,,,,,,,
WORST,,,,,,,#REF!,#REF!,#REF!,#REF!,#REF!,#REF!,#REF!,#REF!,#REF!,#REF!,#REF!,#REF!,#REF!,#REF!,#REF!,#REF!,#REF!,#REF!,#REF!,#REF!,#REF!,#REF!,#REF!,#REF!,#REF!,#REF!,#REF!,#REF!,#REF!,#REF!,#REF!,#REF!,#REF!,#REF!,#REF!,#REF!,,,,,,,,,,,,,,,,,,
